loc,label,section,npc,action,action_class,action_args,action_note,condition_1,condition_2,condition_3,condition_4,xb,loc_override,npc_condition,Sort Order,Routed
Onett_Ness' House_2F_Ness'-Room,NA,Onett Night (1),NA,Start Game,,,,NA,,,,,Onett_Ness' House_2F_Ness'-Room,NA,1,Yes
Onett_Ness' House_1F_2F_Ness'-Room,ness_sleeping_head,Onett Night (1),26,Observe,NONINTERACTABLE,,,NA,,,,,,NESS_SLEEPING_AT_HIS_BED,2,Yes
Onett_Ness' House_1F_2F_Ness'-Room,animation_zzz_white,Onett Night (1),27,Observe,NONINTERACTABLE,,,NA,,,,,,NESS_SLEEPING_AT_HIS_BED,3,Yes
Onett_Ness' House_1F_2F_Ness'-Room,curtains_closed_ness-house,Onett Night (1),28,Observe,NONINTERACTABLE,,,NA,,,,,,~ONETT_DAYTIME,4,Yes
Onett_Ness' House_1F_2F_Ness'-Room,curtains_angled,Onett Night (1),29,Observe,NONINTERACTABLE,,,NA,,,,,,~ONETT_DAYTIME,5,Yes
Onett_Ness' House_1F_2F_Tracy's-Room,curtains_closed_ness-house,Onett Night (1),31,Observe,NONINTERACTABLE,,,NA,,,,,,~ONETT_DAYTIME,6,Yes
Onett_Ness' House_1F_2F_Tracy's-Room,curtains_angled,Onett Night (1),32,Observe,NONINTERACTABLE,,,NA,,,,,,~ONETT_DAYTIME,7,Yes
Onett_Ness' House_1F_2F_Tracy's-Room,tracy,Onett Night (1),30,Talk,,,,[Fallthrough Logic],,,,,,~TRACY_NOT_AT_HER_ROOM,8,Yes
Onett_Ness' House_1F_2F_Tracy's-Room,tracy,Onett Night (1),30,Talk,,,,TALKED_TO_TRACY_AT_HER_ROOM,,,,,,~TRACY_NOT_AT_HER_ROOM,9,Yes
Onett_Ness' House_1F,curtains_closed_ness-house,Onett Night (1),23,Observe,NONINTERACTABLE,,,NA,,,,,,~ONETT_DAYTIME,10,Yes
Onett_Ness' House_1F,curtains_closed_ness-house,Onett Night (1),24,Observe,NONINTERACTABLE,,,NA,,,,,,~ONETT_DAYTIME,11,Yes
Onett_Ness' House_1F,phone_black,Onett Night (1),21,Talk,,,"""beeep…""",[Fallthrough Logic],,,,,,always,12,Yes
Onett_Ness' House_1F,mom,Onett Night (1),15,Talk,,,teleport to Ness' room,[Fallthrough Logic],,,,,,~POLICE_AT_METEORITE,13,Yes
Onett_Ness' House_1F,mom,Onett Night (1),15,Talk,,,,TALKED_TO_MOM,,,,,,~POLICE_AT_METEORITE,14,Yes
Onett_Ness' House_1F,NA,Onett Night (1),NA,Route,LEAVE_AND_ENTER,,,NA,,,,,Onett_Ness' House_1F,NA,15,Yes
Onett_Ness' House_1F,mom,Onett Night (1),15,Talk,,,,LEFT_HOME_AT_LEAST_ONCE,,,,,,~POLICE_AT_METEORITE,16,Yes
Onett_Ness' House_1F,king_sleeping,Onett Night (1),16,Talk,,,,~MOM_ADVICE_TO_TAKE_CRACKED_BAT,,,,,,~SLEEPING_KING_ABSENT,17,Yes
Onett,mailbox,Onett Night (1),183,Observe,NONINTERACTABLE,,,NA,,,,,,always,18,Yes
Onett,NA,Onett Night (1),NA,Check,SIGN,Onett - SE of Ness' House,,NA,,,,,Onett,NA,19,Yes
Onett,roadblock,Onett Night (1),189,Observe,NONINTERACTABLE,,,NA,,,,,,~POLICE_AT_METEORITE,20,Yes
Onett,roadblock,Onett Night (1),190,Observe,NONINTERACTABLE,,,NA,,,,,,~POLICE_AT_METEORITE,21,Yes
Onett,police-car,Onett Night (1),199,Observe,NONINTERACTABLE,,,NA,,,,,,~POLICE_AT_METEORITE,22,Yes
Onett,man_hat_blue-suit,Onett Night (1),152,Talk,,,,[Fallthrough Logic],,,,,,~POLICE_AT_METEORITE,23,Yes
Onett,cop,Onett Night (1),151,Talk,,,,[Fallthrough Logic],,,,,,~POLICE_AT_METEORITE,24,Yes
Onett,cop,Onett Night (1),150,Talk,,,,[Fallthrough Logic],,,,,,~POLICE_AT_METEORITE,25,Yes
Onett,man_orange-hair_sunglasses,Onett Night (1),149,Talk,,,,[Fallthrough Logic],,,,,,~POLICE_AT_METEORITE,26,Yes
Onett,mailbox,Onett Night (1),182,Observe,NONINTERACTABLE,,,NA,,,,,,always,27,Yes
Onett_Minch House_1F,curtains_closed_minch-house,Onett Night (1),49,Observe,NONINTERACTABLE,,,NA,,,,,,~ONETT_DAYTIME,28,Yes
Onett_Minch House_1F,curtains_closed_minch-house,Onett Night (1),50,Observe,NONINTERACTABLE,,,NA,,,,,,~ONETT_DAYTIME,29,Yes
Onett_Minch House_1F,curtains_closed_minch-house,Onett Night (1),51,Observe,NONINTERACTABLE,,,NA,,,,,,~ONETT_DAYTIME,30,Yes
Onett_Minch House_1F_2F,curtains_closed_minch-house,Onett Night (1),54,Observe,NONINTERACTABLE,,,NA,,,,,,~ONETT_DAYTIME,31,Yes
Onett_Minch House_1F_2F,curtains_closed_minch-house,Onett Night (1),55,Observe,NONINTERACTABLE,,,NA,,,,,,~ONETT_DAYTIME,32,Yes
Onett_Minch House_1F_2F,curtains_closed_minch-house,Onett Night (1),56,Observe,NONINTERACTABLE,,,NA,,,,,,~ONETT_DAYTIME,33,Yes
Onett_Minch House_1F_2F,curtains_angled,Onett Night (1),57,Observe,NONINTERACTABLE,,,NA,,,,,,~ONETT_DAYTIME,34,Yes
Onett_Minch House_1F,picky,Onett Night (1),47,Talk,,,,[Fallthrough Logic],,,,,,~POLICE_AT_METEORITE,35,Yes
Onett,cop,Onett Night (1),153,Talk,,,,[Fallthrough Logic],,,,,,~POLICE_AT_METEORITE,36,Yes
Onett,police-car,Onett Night (1),200,Observe,NONINTERACTABLE,,,NA,,,,,,~POLICE_AT_METEORITE,37,Yes
Onett,cop,Onett Night (1),154,Talk,,,,[Fallthrough Logic],,,,,,~POLICE_AT_METEORITE,38,Yes
Onett,cop,Onett Night (1),155,Talk,,,,[Fallthrough Logic],,,,,,~POLICE_AT_METEORITE,39,Yes
Onett,cop,Onett Night (1),156,Talk,,,,[Fallthrough Logic],,,,,,~POLICE_AT_METEORITE,40,Yes
Onett,present,Onett Night (1),1407,Check,PRESENT,,,[Fallthrough Logic],,,,,,always,41,Yes
Onett,lier-x-agerate,Onett Night (1),125,Talk,,,,POLICE_AT_METEORITE,,,,,,~POKEY_PUNISHED,42,Yes
Onett,lier-x-agerate,Onett Night (1),125,Talk,,,,POLICE_AT_METEORITE,TEMP_10,,,,,~POKEY_PUNISHED,43,Yes
Onett,sign_small,Onett Night (1),192,Check,,,,[Fallthrough Logic],,,,,,always,44,Yes
Onett,captain-strong,Onett Night (1),164,Observe,NONINTERACTABLE,,,NA,,,,,,~POLICE_AT_METEORITE,45,Yes
Onett,man_glasses_orange-cardigan,Onett Night (1),165,Observe,NONINTERACTABLE,,,NA,,,,,,~POLICE_AT_METEORITE,46,Yes
Onett,roadblock,Onett Night (1),187,Observe,NONINTERACTABLE,,,NA,,,,,,POLICE_BARRIERS_AT_ONETT_HILLTOP,47,Yes
Onett,roadblock,Onett Night (1),188,Observe,NONINTERACTABLE,,,NA,,,,,,POLICE_BARRIERS_AT_ONETT_HILLTOP,48,Yes
Onett,cloud,Onett Night (1),193,Observe,NONINTERACTABLE,,,NA,,,,,,ONETT_DAYTIME,49,Yes
Onett,cloud,Onett Night (1),194,Observe,NONINTERACTABLE,,,NA,,,,,,ONETT_DAYTIME,50,Yes
Onett,cloud,Onett Night (1),195,Observe,NONINTERACTABLE,,,NA,,,,,,ONETT_DAYTIME,51,Yes
Onett,cloud,Onett Night (1),196,Observe,NONINTERACTABLE,,,NA,,,,,,ONETT_DAYTIME,52,Yes
Onett,cloud,Onett Night (1),197,Observe,NONINTERACTABLE,,,NA,,,,,,ONETT_DAYTIME,53,Yes
Onett,police-car,Onett Night (1),201,Observe,NONINTERACTABLE,,,NA,,,,,,~POLICE_AT_METEORITE,54,Yes
Onett,cop,Onett Night (1),160,Talk,,,,[Fallthrough Logic],,,,,,~POLICE_AT_METEORITE,55,Yes
Onett,cop,Onett Night (1),157,Talk,,,,[Fallthrough Logic],,,,,,~POLICE_AT_METEORITE,56,Yes
Onett,cop,Onett Night (1),158,Talk,,,,[Fallthrough Logic],,,,,,~POLICE_AT_METEORITE,57,Yes
Onett,cop,Onett Night (1),159,Talk,CHOICE,no,,[Fallthrough Logic],,,,,,~POLICE_AT_METEORITE,58,Yes
Onett,cop,Onett Night (1),159,Talk,CHOICE,yes,,[Fallthrough Logic],,,,,,~POLICE_AT_METEORITE,59,Yes
Onett,pokey,Onett Night (1),161,Talk,,,,[Fallthrough Logic],,,,,,~POLICE_AT_METEORITE,60,Yes
Onett,cop,Onett Night (1),155,Talk,,,,TALKED_TO_POKEY_AT_METEORITE,,,,,,~POLICE_AT_METEORITE,61,Yes
Onett_Minch House_1F,picky,Onett Night (1),47,Talk,,,,TALKED_TO_POKEY_AT_METEORITE,,,,,,~POLICE_AT_METEORITE,62,Yes
Onett,mom,Onett Night (1),148,Talk,CHOICE,no,,[Fallthrough Logic],,,,,,NESS_MOM_OUTSIDE,63,Yes
Onett,mom,Onett Night (1),148,Talk,CHOICE,yes,teleport to Ness' room,[Fallthrough Logic],,,,,,NESS_MOM_OUTSIDE,64,Yes
Onett_Ness' House_2F_Ness'-Room,NA,Onett Night (2),NA,Game Event,,,Pokey knocking at door,NA,,,,,Onett_Ness' House_2F_Ness'-Room,NA,65,Yes
Onett_Ness' House_1F_2F,tracy,Onett Night (2),25,Talk,,,,[Fallthrough Logic],,,,,,TRACY_AT_HALLWAY,66,Yes
Onett_Ness' House_1F,king_sleeping,Onett Night (2),16,Talk,,,,~POLICE_AT_METEORITE,,,,,,~SLEEPING_KING_ABSENT,67,Yes
Onett_Ness' House_1F,mom,Onett Night (2),14,Talk,,,,~NESS_HOUSE_POKEY_MUSIC,,,,,,POLICE_AT_METEORITE,68,Yes
Onett_Ness' House_1F,door_knocking,Onett Night (2),22,Approach,,,,NA,,,,,,NESS_HOUSE_DOOR_KNOCKING,69,Yes
Onett_Ness' House_1F,pokey,Onett Night (2),17,Talk,CHOICE,"no,no,yes",,[Fallthrough Logic],,,,,,POKEY_WAITING_AT_DOOR,70,Yes
Onett_Ness' House_1F,pokey,Onett Night (2),17,Talk,,,,[Fallthrough Logic],,,,,,POKEY_WAITING_AT_DOOR,71,Yes
Onett_Ness' House_1F,mom,Onett Night (2),14,Do Nothing,INACCESSIBLE_DIALOGUE,,,NESS_HOUSE_POKEY_MUSIC,,,,,,POLICE_AT_METEORITE,72,Yes
Onett_Ness' House_1F,mom,Onett Night (2),14,Talk,,,,POKEY_WAITING_MOM_GOODBYE,,,,,,POLICE_AT_METEORITE,73,Yes
Onett_Ness' House_1F,pokey,Onett Night (2),17,Talk,,,,~PRESENT_CRACKED_BAT,,,,,,POKEY_WAITING_AT_DOOR,74,Yes
Onett_Ness' House_1F_2F_Tracy's-Room,present,Onett Night (2),1412,Check,,,,[Fallthrough Logic],,,,,,always,75,Yes
Onett_Ness' House_1F,king_sleeping,Onett Night (2),16,Talk,CHOICE,no,,MOM_ADVICE_TO_TAKE_CRACKED_BAT,,,,1,,~SLEEPING_KING_ABSENT,76,Yes
Onett_Ness' House_1F,king_sleeping,Onett Night (2),16,Talk,CHOICE,yes,,MOM_ADVICE_TO_TAKE_CRACKED_BAT,,,,1,,~SLEEPING_KING_ABSENT,77,Yes
Onett_Ness' House_1F,pokey,Onett Night (2),19,Talk,CHOICE,yes,,PRESENT_CRACKED_BAT,cracked bat not equipped,,,2,,POKEY_WAITING_AT_COUCH,78,Yes
Onett_Ness' House_1F,pokey,Onett Night (2),19,Talk,CHOICE,no,,PRESENT_CRACKED_BAT,cracked bat not equipped,,,2,,POKEY_WAITING_AT_COUCH,79,Yes
Onett_Ness' House_1F,mom,Onett Night (2),14,Talk,,,,DAD_CALLING_HOME,,,,,,POLICE_AT_METEORITE,80,Yes
Onett_Ness' House_1F,phone_black,Onett Night (2),21,Talk,,,,DAD_CALLING_HOME,,,,,,always,81,Yes
Onett_Ness' House_1F,NA,Onett Night (2),NA,Route,LEAVE_AND_ENTER,,,NA,,,,,Onett_Ness' House_1F,NA,82,Yes
Onett_Ness' House_1F,mom,Onett Night (2),14,Talk,,,"""T-O-O-BAD""",~POKEY_PUNISHED,,,,,,POLICE_AT_METEORITE,83,Yes
Onett,NA,Onett Night (2),NA,Approach,TRIGGER,to Downtown,,[Fallthrough Logic],,,,,Onett,NA,84,Yes
Onett,NA,Onett Night (2),NA,Approach,DOOR,to Minch House 1F,,[Fallthrough Logic],,,,,Onett,NA,85,Yes
Onett,NA,Onett Night (2),NA,Approach,DOOR,to Minch House 1F,,[Fallthrough Logic],,,,,Onett,NA,86,Yes
Onett,lier-x-agerate,Onett Night (2),125,Talk,,,,~POLICE_AT_METEORITE,~PICKY_IN_PARTY,,,,,~POKEY_PUNISHED,87,Yes
Onett,NA,Onett Night (2),NA,Game action,GRIND,,Crows until inventory full,NA,,,,,Onett,NA,88,Yes
Onett,meteor,Onett Night (2),198,Check,,,,[Fallthrough Logic],,,,,,always,89,Yes
Onett,picky_sleeping,Onett Night (2),124,Talk,,,,[Fallthrough Logic],,,,,,PICKY_SLEEPING_AT_METEORITE,90,Yes
Onett,meteor,Onett Night (2),198,Approach,TRIGGER,West of meteor,Buzz Buzz speech,[Fallthrough Logic],,,,,,always,91,Yes
Onett,picky_sleeping,Onett Night (2),124,Talk,CHOICE,yes,Pokey question,[Fallthrough Logic],,,,3,,PICKY_SLEEPING_AT_METEORITE,92,Yes
Onett,picky_sleeping,Onett Night (2),124,Talk,CHOICE,no,Pokey question,[Fallthrough Logic],,,,3,,PICKY_SLEEPING_AT_METEORITE,93,Yes
Onett,picky_sleeping,Onett Night (2),124,Talk,CHOICE,no,Buzz Buzz speech,[Fallthrough Logic],,,,,,PICKY_SLEEPING_AT_METEORITE,94,Yes
Onett,picky_sleeping,Onett Night (2),124,Talk,CHOICE,yes,Buzz Buzz speech,[Fallthrough Logic],,,,,,PICKY_SLEEPING_AT_METEORITE,95,Yes
Onett,lier-x-agerate,Onett Night (2),125,Talk,,,,~POLICE_AT_METEORITE,PICKY_IN_PARTY,,,,,~POKEY_PUNISHED,96,Yes
Onett_Ness' House_1F,king,Onett Night (2),18,Talk,,,,KING_WONT_JOIN,~KING_JOINS,,,1,,KING_AWAKE_AT_HOME,97,Yes
Onett_Ness' House_1F,king,Onett Night (2),18,Talk,,,,KING_WONT_JOIN,KING_JOINS,,,1,,KING_AWAKE_AT_HOME,98,Yes
Onett_Ness' House_1F_2F_Tracy's-Room,tracy,Onett Night (2),30,Talk,,,,~GOT_TRACY_COOKIE,inventory full,,,,,~TRACY_NOT_AT_HER_ROOM,99,Yes
Onett_Ness' House_1F_2F_Tracy's-Room,tracy,Onett Night (2),30,Talk,,,,~GOT_TRACY_COOKIE,inventory open,,,,,~TRACY_NOT_AT_HER_ROOM,100,Yes
Onett_Ness' House_1F_2F_Tracy's-Room,tracy,Onett Night (2),30,Talk,CHOICE,no,"""What the hey?""",[Fallthrough Logic],,,,,,~TRACY_NOT_AT_HER_ROOM,101,Yes
Onett_Ness' House_1F_2F_Tracy's-Room,tracy,Onett Night (2),30,Talk,CHOICE,"yes,end",,[Fallthrough Logic],,,,,,~TRACY_NOT_AT_HER_ROOM,102,Yes
Onett_Minch House_1F,lardna,Onett Night (2),45,Talk,,,,POKEY_IN_PARTY,,,,,,LARDNA_AT_HOME,103,Yes
Onett_Minch House_1F,aloysius,Onett Night (2),44,Talk,,,,[Fallthrough Logic],,,,,,ALOYSIUS_AT_HOME,104,Yes
Onett_Minch House_1F,aloysius,Onett Night (2),44,Talk,,,,POKEY_PUNISHED,,,,,,ALOYSIUS_AT_HOME,105,Yes
Onett_Minch House_1F_2F,pokey,Onett Night (2),52,Talk,,,,[Fallthrough Logic],,,,,,POKEY_AT_HIS_ROOM,106,Yes
Onett_Minch House_1F_2F,picky,Onett Night (2),53,Talk,,,,[Fallthrough Logic],,,,,,PICKY_AT_HIS_ROOM,107,Yes
Onett_Minch House_1F,lardna,Onett Night (2),45,Talk,,,,[Fallthrough Logic],,,,,,LARDNA_AT_HOME,108,Yes
Onett_Minch House_1F,buzz-buzz,Onett Night (2),46,Talk,CHOICE,"no,yes,yes,no",,[Fallthrough Logic],,,,,,BUZZ_BUZZ_DYING_ON_FLOOR,109,Yes
Onett,NA,Onett North,NA,Game Event,CUTSCENE,Onett - Sunrise,,NA,,,,,Onett,NA,110,Yes
Onett,NA,Onett North,NA,Game Event,PHOTO_MAN,Ness' House,,[Fallthrough Logic],,,,,Onett,NA,111,Yes
Onett_Ness' House_1F,mom,Onett North,14,Talk,,,teleport to Ness' room,POKEY_PUNISHED,VISITED_ONETT,Ness alone,,,,POLICE_AT_METEORITE,112,Yes
Onett_Ness' House_1F,mom,Onett North,14,Talk,,,,POKEY_PUNISHED,VISITED_ONETT,JUST_RESTED_AT_HOME,Ness alone,,,POLICE_AT_METEORITE,113,Yes
Onett_Lier X Agerate's Shack_1F,lier-x-agerate,Onett North,119,Talk,,,,[Fallthrough Logic],,,,4,,LIER_INSIDE_HOUSE,114,Yes
Onett_Lier X Agerate's Shack_1F_B1F,lier-x-agerate,Onett North,203,Approach,NONINTERACTABLE,,,NA,,,,4,,LIER_INSIDE_CAVE_1,115,Yes
Onett_Lier X Agerate's Shack_1F_B1F_B2F,lier-x-agerate,Onett North,204,Approach,NONINTERACTABLE,,,NA,,,,4,,LIER_INSIDE_CAVE_2,116,Yes
Onett_Lier X Agerate's Shack_1F_B1F_B2F_B3F,lier-x-agerate,Onett North,205,Approach,NONINTERACTABLE,,,NA,,,,4,,LIER_INSIDE_CAVE_3,117,Yes
Onett_Lier X Agerate's Shack_1F_B1F_B2F_B3F,lier-x-agerate,Onett North,206,Approach,NONINTERACTABLE,,,NA,,,,4,,LIER_INSIDE_CAVE_4,118,Yes
Onett_Lier X Agerate's Shack_1F_B1F_B2F_B3F_B4F,lier-x-agerate,Onett North,207,Talk,,,,[Fallthrough Logic],,,,,,LIER_BY_MANI_MANI,119,Yes
Onett_Lier X Agerate's Shack_1F_B1F_B2F_B3F_B4F,monster_mani-mani-statue,Onett North,208,Check,,,,[Fallthrough Logic],,,,,,~VISITED_TWOSON,120,Yes
Onett,NA,Onett North,NA,Check,SIGN,Onett - East of Library,,[Fallthrough Logic],,,,,Onett,NA,121,Yes
Onett,girl_blonde_yellow-dress,Onett North,129,Talk,,,,[Fallthrough Logic],,,,,,PEOPLE_IN_ONETT,122,Yes
Onett_Library_1F,woman_blonde_red-dress,Onett North,98,Talk,CHOICE,"no,yes",,[Fallthrough Logic],inventory full,,,,,always,123,Yes
Onett_Library_1F,woman_blonde_red-dress,Onett North,98,Talk,CHOICE,yes,,[Fallthrough Logic],inventory open,,,,,always,124,Yes
Onett_Library_1F,woman_blonde_red-dress,Onett North,98,Talk,,,,GOT_TOWN_MAP,,,,,,always,125,Yes
Onett_Library_1F,man_hat_green-jacket,Onett North,99,Talk,,,,[Fallthrough Logic],,,,,,always,126,Yes
Onett_Library_1F,lookalike_shy-guy-mask,Onett North,100,Talk,,,,[Fallthrough Logic],,,,,,always,127,Yes
Onett_Library_1F_Left-Room,man_blonde_i-love-ny-shirt,Onett North,103,Talk,,,,[Fallthrough Logic],,,,,,always,128,Yes
Onett_Library_1F_Left-Room,girl_blonde_pink-dress,Onett North,102,Talk,,,,[Fallthrough Logic],,,,,,always,129,Yes
Onett_Library_1F_Left-Room,man_blonde_blue-oxford,Onett North,104,Talk,,,,[Fallthrough Logic],,,,,,always,130,Yes
Onett_Library_1F_Left-Room,girl_black-hair_red-jumper,Onett North,105,Talk,,,,[Fallthrough Logic],,,,,,always,131,Yes
Onett_Library_1F_Left-Room,girl_black-hair_red-jumper,Onett North,105,Talk,,,,TEMP_2,,,,,,always,132,Yes
Onett_Library_1F_Right-Room,man_redhead_green-oxford,Onett North,106,Talk,,,,[Fallthrough Logic],,,,,,always,133,Yes
Onett_Library_1F_Right-Room,man_redhead_green-oxford,Onett North,106,Talk,,,,TEMP_2,,,,,,always,134,Yes
Onett_Library_1F_Right-Room,elevator_attendant,Onett North,107,Talk,,,,[Fallthrough Logic],,,,,,always,135,Yes
Onett_Library_1F_2F,man_hat_black-suit,Onett North,101,Observe,NONINTERACTABLE,,,NA,,,,,,~LIBRARY_BATHROOM_MAN,136,Yes
Onett_Library_2F,NA,Onett North,NA,Approach,DOOR,Library - Women's bathroom,,[Fallthrough Logic],,,,,Onett_Library_2F,NA,137,Yes
Onett_Library_2F,NA,Onett North,NA,Approach,DOOR,Library - Men's bathroom,,[Fallthrough Logic],,,,,Onett_Library_2F,NA,138,Yes
Onett_Library_1F_2F_Room,man_blonde_blue-blazer,Onett North,108,Talk,,,,[Fallthrough Logic],,,,,,always,139,Yes
Onett_Library_1F_2F_Room,man_glasses_orange-cardigan,Onett North,109,Talk,,,,[Fallthrough Logic],,,,,,always,140,Yes
Onett,girl_blonde_yellow-dress,Onett North,129,Talk,,,,TEMP_9,,,,,,PEOPLE_IN_ONETT,141,Yes
Onett,lookalike_pigpen,Onett North,127,Talk,CHOICE,yes,,[Fallthrough Logic],,,,,,always,142,Yes
Onett,lookalike_pigpen,Onett North,127,Talk,CHOICE,no,,[Fallthrough Logic],,,,,,always,143,Yes
Onett_Secret Hideout_1F,boy_baseball-helmet,Onett North,122,Talk,CHOICE,yes,,[Fallthrough Logic],inventory full,,,5,,always,144,Yes
Onett_Secret Hideout_1F,boy_baseball-helmet,Onett North,122,Talk,CHOICE,"no,yes",,[Fallthrough Logic],inventory open,,,5,,always,145,Yes
Onett_Secret Hideout_1F,boy_baseball-helmet,Onett North,122,Talk,,,,GOT_MR_BASEBALL_CAP,,,,5,,always,146,Yes
Onett_Secret Hideout_1F,boy_baseball-helmet,Onett North,122,Talk,,,,[Fallthrough Logic],inventory full,~Ness KO'd,,,,always,147,Yes
Onett_Secret Hideout_1F,boy_fedora,Onett North,121,Talk,,,,[Fallthrough Logic],,,,,,always,148,Yes
Onett_Secret Hideout_1F,boy_bowler-hat,Onett North,120,Talk,,,,[Fallthrough Logic],,,,,,always,149,Yes
Onett_Secret Hideout_1F,boy_bowler-hat,Onett North,120,Talk,,,,TEMP_2,,,,,,always,150,Yes
Onett,NA,Onett Downtown,NA,Approach,DOOR,Onett - Northwest apartments,,[Fallthrough Logic],,,,,Onett,NA,151,Yes
Onett,NA,Onett Downtown,NA,Check,SIGN,"Onett - West of drugstore, text",,[Fallthrough Logic],,,,,Onett,NA,152,Yes
Onett,NA,Onett Downtown,NA,Check,SIGN,"Onett - West of drugstore, Pirkle",,[Fallthrough Logic],,,,,Onett,NA,153,Yes
Onett,rastaman,Onett Downtown,132,Talk,,,,[Fallthrough Logic],,,,,,PEOPLE_IN_ONETT,154,Yes
Onett,NA,Onett Downtown,NA,Approach,DOOR,"Onett - West of drugstore, violet roof",,[Fallthrough Logic],,,,,Onett,NA,155,Yes
Onett,streetsign_city,Onett Downtown,168,Observe,NONINTERACTABLE,,,NA,,,,,,always,156,Yes
Onett_Drug Store_1F,man_cane_green-jacket,Onett Downtown,8,Do Subroutine,SHOP,227,,[Fallthrough Logic],,,,,,always,157,Yes
Onett_Drug Store_1F,man_glasses_orange-cardigan,Onett Downtown,9,Do Subroutine,SHOP,226,,[Fallthrough Logic],,,,,,always,158,Yes
Onett_Drug Store_1F,man_blonde_i-love-ny-shirt,Onett Downtown,10,Talk,,,,[Fallthrough Logic],,,,,,always,159,Yes
Onett_Drug Store_1F,ruffini,Onett Downtown,11,Talk,,,,[Fallthrough Logic],,,,,,always,160,Yes
Onett_Drug Store_1F,atm-machine,Onett Downtown,12,Check,ATM,,,[Fallthrough Logic],,,,,,always,161,Yes
Onett_Drug Store_1F,phone_payphone_left,Onett Downtown,13,Talk,PHONE,,,[Fallthrough Logic],,,,,,always,162,Yes
Onett_Burger Shop_1F,woman_pink-maid-outfit,Onett Downtown,33,Do Subroutine,SHOP,228,,[Fallthrough Logic],,,,,,always,163,Yes
Onett_Burger Shop_1F,woman_pink-maid-outfit,Onett Downtown,33,Do Nothing,INACCESSIBLE_DIALOGUE,,,TEMP_3,,,,,,always,164,Yes
Onett_Burger Shop_1F,woman_purse_green-dress,Onett Downtown,34,Talk,,,,[Fallthrough Logic],,,,,,always,165,Yes
Onett_Burger Shop_1F,girl_blonde_ponytail,Onett Downtown,35,Talk,,,,[Fallthrough Logic],,,,,,always,166,Yes
Onett_Burger Shop_1F,woman_blonde_red-blazer,Onett Downtown,37,Talk,,,,[Fallthrough Logic],,,,,,always,167,Yes
Onett,trashcan,Onett Downtown,1408,Check,PRESENT,,HAMBURGER,[Fallthrough Logic],,,,,,always,168,Yes
Onett,man_blonde_i-love-ny-shirt,Onett Downtown,131,Talk,,,,[Fallthrough Logic],,,,,,PEOPLE_IN_ONETT,169,Yes
Onett,streetsign_city,Onett Downtown,173,Observe,NONINTERACTABLE,,,NA,,,,,,always,170,Yes
Onett,van,Onett Downtown,175,Observe,NONINTERACTABLE,,,NA,,,,,,ONETT_DAYTIME,171,Yes
Onett,man_glasses_-black-suit,Onett Downtown,134,Talk,,,,[Fallthrough Logic],,,,,,PEOPLE_IN_ONETT,172,Yes
Onett,NA,Onett Downtown,NA,Check,SIGN,Onett - West of Prettyman House,,[Fallthrough Logic],,,,,Onett,NA,173,Yes
Onett_Houses_North-Blue-Roof_1F,prettyman,Onett Downtown,91,Talk,CHOICE,no,,[Fallthrough Logic],,,,,,always,174,Yes
Onett_Houses_North-Blue-Roof_1F,prettyman,Onett Downtown,91,Talk,CHOICE,yes,,[Fallthrough Logic],,,,,,always,175,Yes
Onett_Hint Man's House_1F,hint-man,Onett Downtown,39,Talk,CHOICE,no,,[Fallthrough Logic],,,,,,~HINT_GUY_ABSENT,176,Yes
Onett_Hint Man's House_1F,hint-man,Onett Downtown,39,Talk,CHOICE,yes,,money<$35,,,,,,~HINT_GUY_ABSENT,177,Yes
Onett_Hint Man's House_1F,hint-man,Onett Downtown,39,Talk,CHOICE,yes,,money>=$35,,,,,,~HINT_GUY_ABSENT,178,Yes
Onett_Hint Man's House_1F,hint-man,Onett Downtown,39,Do Nothing,INACCESSIBLE_DIALOGUE,,,TEMP_8,,,,,,~HINT_GUY_ABSENT,179,Yes
Onett,NA,Onett Downtown,NA,Check,SIGN,"Onett - North of Houses, East, Violet Roof",,[Fallthrough Logic],,,,,Onett,NA,180,Yes
Onett,NA,Onett Downtown,NA,Approach,DOOR,"Onett - Houses, East, Violet Roof",,[Fallthrough Logic],,,,,Onett,NA,181,Yes
Onett_Houses_East-Blue-Roof_1F,boy_bowler-hat,Onett Downtown,92,Talk,,,,[Fallthrough Logic],,,,,,always,182,Yes
Onett,woman_purse_green-dress,Onett Downtown,136,Talk,,,,[Fallthrough Logic],,,,,,PEOPLE_IN_ONETT,183,Yes
Onett,NA,Onett Downtown,NA,Check,SIGN,"Onett - East of Houses, East, Orange",,[Fallthrough Logic],,,,,Onett,NA,184,Yes
Onett,NA,Onett Downtown,NA,Check,SIGN,"Onett - Southeast of Houses, East, Orange",,[Fallthrough Logic],,,,,Onett,NA,185,Yes
Onett_Houses_East-Orange_1F,girl_black-hair_red-jumper,Onett Downtown,93,Talk,,,,[Fallthrough Logic],,,,,,always,186,Yes
Onett,NA,Onett Downtown,NA,Approach,DOOR,"Onett - Houses, East, Purple Roof",,[Fallthrough Logic],,,,,Onett,NA,187,Yes
Onett_Police Station_1F,captain-strong,Onett Downtown,67,Talk,,,,[Fallthrough Logic],,,,,,~CAPTAIN_STRONG_NOT_AT_STATION_DESK,188,Yes
Onett_Police Station_1F,lookalike_marcie,Onett Downtown,68,Talk,,,,[Fallthrough Logic],,,,,,always,189,Yes
Onett_Police Station_1F,cop,Onett Downtown,69,Talk,,,,[Fallthrough Logic],,,,,,always,190,Yes
Onett,streetsign_city,Onett Downtown,172,Observe,NONINTERACTABLE,,,NA,,,,,,always,191,Yes
Onett,red-truck,Onett Downtown,176,Observe,NONINTERACTABLE,,,NA,,,,,,ONETT_DAYTIME,192,Yes
Onett,girl_redhead_pigtails,Onett Downtown,166,Talk,,,,[Fallthrough Logic],,,,,,~PATH_TO_TWOSON_OPEN,193,Yes
Onett,man_hat_blue-suit,Onett Downtown,167,Talk,,,,[Fallthrough Logic],,,,,,~PATH_TO_TWOSON_OPEN,194,Yes
Onett,roadblock,Onett Downtown,177,Observe,NONINTERACTABLE,,,NA,,,,,,~PATH_TO_TWOSON_OPEN,195,Yes
Onett,roadblock,Onett Downtown,178,Observe,NONINTERACTABLE,,,NA,,,,,,~PATH_TO_TWOSON_OPEN,196,Yes
Onett,roadblock,Onett Downtown,179,Observe,NONINTERACTABLE,,,NA,,,,,,~PATH_TO_TWOSON_OPEN,197,Yes
Onett,roadblock,Onett Downtown,180,Observe,NONINTERACTABLE,,,NA,,,,,,~PATH_TO_TWOSON_OPEN,198,Yes
Onett,cop,Onett Downtown,144,Talk,,,,[Fallthrough Logic],,,,,,~VISITED_TWOSON,199,Yes
Onett,cop,Onett Downtown,145,Talk,,,,[Fallthrough Logic],,,,,,~VISITED_TWOSON,200,Yes
Onett_Bakery_1F,chef,Onett Downtown,40,Talk,SHOP,230,,[Fallthrough Logic],,,,,,always,201,Yes
Onett_Bakery_1F,woman_purse_green-dress,Onett Downtown,41,Talk,,,,[Fallthrough Logic],,,,7,,always,202,Yes
Onett_Bakery_1F,woman_purse_green-dress,Onett Downtown,41,Talk,,,,TEMP_2,,,,7,,always,203,Yes
Onett_Bakery_1F,woman_purse_green-dress,Onett Downtown,41,Talk,,,,TALKED_TO_ONETT_BAKERY_LADY_TWICE,,,,7,,always,204,Yes
Onett_Bakery_1F,woman_blonde_red-dress,Onett Downtown,42,Talk,,,,[Fallthrough Logic],,,,,,always,205,Yes
Onett_Bakery_1F,elevator_attendant,Onett Downtown,43,Talk,,,,[Fallthrough Logic],,,,,,always,206,Yes
Onett,man_orange-hair_sunglasses,Onett Downtown,163,Talk,,,,[Fallthrough Logic],,,,,,~FRANKYSTEIN_MKII_DEFEATED,207,Yes
Onett,NA,Onett Downtown,NA,Check,SIGN,Onett - NW of Police Station,,[Fallthrough Logic],,,,,Onett,NA,208,Yes
Onett,streetsign_city,Onett Downtown,170,Observe,NONINTERACTABLE,,,NA,,,,,,always,209,Yes
Onett,taxi,Onett Downtown,186,Observe,NONINTERACTABLE,,,NA,,,,,,ONETT_DAYTIME,210,Yes
Onett,NA,Onett Downtown,NA,Check,SIGN,Onett - South of Beatles Door,,[Fallthrough Logic],,,,,Onett,NA,211,Yes
Onett,NA,Onett Downtown,NA,Approach,DOOR,Onett - Red Apartment,,[Fallthrough Logic],,,,,Onett,NA,212,Yes
Onett,trashcan,Onett Downtown,1410,Check,PRESENT,,,[Fallthrough Logic],,,,,,always,213,Yes
Onett,NA,Onett Downtown,NA,Approach,DOOR,Onettt - Beige Apartment,,[Fallthrough Logic],,,,,Onett,NA,214,Yes
Onett,streetsign_city,Onett Downtown,174,Observe,NONINTERACTABLE,,,NA,,,,,,always,215,Yes
Onett,hotel_sign,Onett Downtown,191,Check,,,,[Fallthrough Logic],,,,,,always,216,Yes
Onett_Hotel_1F,bellhop,Onett Downtown,59,Talk,,,,[Fallthrough Logic],,,,,,always,217,Yes
Onett_Hotel_1F,man_bald_black-suit,Onett Downtown,58,Do Subroutine,HOTEL_PROPRIETOR,,,,,,,,,always,218,Yes
Onett_Hotel_1F_Lobby,woman_blonde_red-blazer,Onett Downtown,62,Talk,,,,[Fallthrough Logic],,,,,,~Unknown Flag,219,Yes
Onett_Hotel_1F_Lobby,man_blonde_black-suit,Onett Downtown,63,Talk,,,,[Fallthrough Logic],,,,,,~Unknown Flag,220,Yes
Onett_Hotel_1F,phone_black,Onett Downtown,60,Talk,PHONE,save,,[Fallthrough Logic],,,,,,always,221,Yes
Onett_Hotel_1F_ATM,atm-machine,Onett Downtown,61,Observe,ATM,,,[Fallthrough Logic],,,,,,always,222,Yes
Onett_Hotel_1F,man_bald_black-suit,Onett Downtown,58,Talk,CHOICE,yes,,<$35,,,,,,always,223,Yes
Onett_Hotel_1F,man_bald_black-suit,Onett Downtown,58,Talk,CHOICE,no,,[Fallthrough Logic],,,,,,always,224,Yes
Onett_Hotel_1F,man_bald_black-suit,Onett Downtown,58,Talk,CHOICE,yes,,>=$35,,,,,,always,225,Yes
Onett_Hotel_1F_Lobby_Left-Room,woman_blonde_red-blazer,Onett Downtown,65,Talk,,,,[Fallthrough Logic],,,,,,Unknown Flag,226,Yes
Onett_Hotel_1F_Lobby_Left-Room,man_blonde_black-suit,Onett Downtown,66,Talk,,,,[Fallthrough Logic],,,,,,Unknown Flag,227,Yes
Onett_Hotel_1F_Lobby,bellhop,Onett Downtown,64,Talk,NEWSPAPER_ONETT,1,,[Fallthrough Logic],,,,,,JUST_RESTED,228,Yes
Onett_Hotel_1F,man_bald_black-suit,Onett Downtown,58,Talk,,,,JUST_RESTED,,,,,,always,229,Yes
Onett,streetsign_city,Onett Downtown,169,Observe,NONINTERACTABLE,,,NA,,,,,,always,230,Yes
Onett,mailbox,Onett Downtown,184,Observe,NONINTERACTABLE,,,NA,,,,,,always,231,Yes
Onett,ruffini,Onett Downtown,138,Talk,,,,[Fallthrough Logic],,,,,,PEOPLE_IN_ONETT,232,Yes
Onett,NA,Onett Downtown,NA,Check,SIGN,Onett - SE of City Hall,,[Fallthrough Logic],,,,,Onett,NA,233,Yes
Onett,man_blonde_blue-oxford,Onett Downtown,135,Talk,,,,[Fallthrough Logic],,,,,,PEOPLE_IN_ONETT,234,Yes
Onett_Town Hall_1F_Right-Room,man_blonde_black-suit,Onett Downtown,83,Talk,,,,[Fallthrough Logic],,,,,,always,235,Yes
Onett_Town Hall_1F_Right-Room,man_hat_blue-suit,Onett Downtown,84,Talk,,,,[Fallthrough Logic],,,,,,always,236,Yes
Onett_Town Hall_1F,NA,Onett Downtown,NA,Check,SIGN,Onett -  City Hall - 1F,,[Fallthrough Logic],,,,,Onett_Town Hall_1F,NA,237,Yes
Onett_Town Hall_1F,prettyman,Onett Downtown,78,Talk,,,,[Fallthrough Logic],,,,,,always,238,Yes
Onett_Town Hall_1F_Left-Room,woman_purse_black-dress,Onett Downtown,82,Talk,,,,[Fallthrough Logic],,,,,,always,239,Yes
Onett_Town Hall_1F_Left-Room,man_cane_green-jacket,Onett Downtown,81,Talk,,,,[Fallthrough Logic],,,,,,always,240,Yes
Onett_Town Hall_1F_Left-Room,man_blonde_black-suit,Onett Downtown,79,Talk,,,,[Fallthrough Logic],,,,,,always,241,Yes
Onett_Town Hall_1F_Left-Room,man_glasses_-black-suit,Onett Downtown,80,Talk,,,,[Fallthrough Logic],,,,,,always,242,Yes
Onett_Town Hall_1F_Reception,woman_blonde_blue-blazer,Onett Downtown,85,Talk,,,,[Fallthrough Logic],,,,,,always,243,Yes
Onett_Town Hall_2F,NA,Onett Downtown,NA,Route,ROUTE_TO,Onett - City Hall 2F,,NA,,,,,Onett_Town Hall_2F,NA,244,Yes
Onett_Town Hall_1F_Reception,woman_blonde_blue-blazer,Onett Downtown,85,Talk,,,,[Fallthrough Logic],,,,,,always,245,Yes
Onett,woman_cane_pink-dress,Onett Downtown,137,Talk,,,,[Fallthrough Logic],,,,,,PEOPLE_IN_ONETT,246,Yes
Onett,NA,Onett Downtown,NA,Check,SIGN,Onett - W of City Hall,,[Fallthrough Logic],,,,,Onett,NA,247,Yes
Onett_Houses_West-Violet-Roof_1F,man_blonde_blue-blazer,Onett Downtown,89,Talk,,,,[Fallthrough Logic],,,,,,always,248,Yes
Onett,NA,Onett Downtown,NA,Approach,DOOR,Onett - W of West Violet Roof,,[Fallthrough Logic],,,,,Onett,NA,249,Yes
Onett,mailbox,Onett Downtown,181,Observe,NONINTERACTABLE,,,NA,,,,,,always,250,Yes
Onett_Houses_West-Blue-Roof_1F,girl_blonde_ponytail,Onett Downtown,90,Talk,,,,~Paula in lead,,,,,,always,251,Yes
Onett,saxophonist,Onett Downtown,141,Talk,,,,[Fallthrough Logic],,,,,,~MONSTERS_IN_ONETT,252,Yes
Onett,man_hat_blue-suit,Onett Downtown,139,Talk,CHOICE,no,,[Fallthrough Logic],,,,,,~BOUGHT_SCAM_HOUSE,253,Yes
Onett,NA,Onett Downtown,NA,Check,SIGN,Onett: E of Scam House,,[Fallthrough Logic],,,,,Onett,NA,254,Yes
Onett,lookalike_pigpen,Onett Downtown,133,Talk,,,,[Fallthrough Logic],,,,,,PEOPLE_IN_ONETT,255,Yes
Onett,NA,Onett Downtown,NA,Check,SIGN,Onett: S of Hospital,,[Fallthrough Logic],,,,,Onett,NA,256,Yes
Onett_Hospital_1F,woman_redhead_blue-dress,Onett Downtown,112,Talk,,,,[Fallthrough Logic],,,,,,always,257,Yes
Onett_Hospital_1F,healer,Onett Downtown,111,Talk,HEALER,,,[Fallthrough Logic],,,,,,always,258,Yes
Onett_Hospital_1F,nurse,Onett Downtown,110,Talk,HOSPITAL_RECEPTION,,,[Fallthrough Logic],,,,,,always,259,Yes
Onett_Hospital_1F_Doctor's-Office,nurse,Onett Downtown,114,Talk,,,,[Fallthrough Logic],,,,,,always,260,Yes
Onett_Hospital_1F_Doctor's-Office,doctor,Onett Downtown,113,Talk,DOCTOR,,,[Fallthrough Logic],,,,,,always,261,Yes
Onett_Hospital_1F_2F,woman_cane_pink-dress,Onett Downtown,118,Talk,,,,[Fallthrough Logic],,,,,,always,262,Yes
Onett_Hospital_2F,NA,Onett Downtown,NA,Check,SIGN,Onett: Hospital 2F,,[Fallthrough Logic],,,,,Onett_Hospital_2F,NA,263,Yes
Onett_Hospital_1F_2F_Left-Room,man_redhead_green-oxford,Onett Downtown,115,Talk,,,,[Fallthrough Logic],,,,,,always,264,Yes
Onett_Hospital_2F_Left-Room,NA,Onett Downtown,NA,Leave and enter area,,,,NA,,,,,Onett_Hospital_2F_Left-Room,NA,265,Yes
Onett_Hospital_1F_2F_Left-Room,man_redhead_green-oxford,Onett Downtown,115,Talk,,,,ONETT_HOSPITAL_PATIENT_OWNER_JOKE,,,,,,always,266,Yes
Onett_Hospital_1F_2F_Right-Room,girl_redhead_pigtails,Onett Downtown,116,Talk,,,,[Fallthrough Logic],,,,,,always,267,Yes
Onett_Hospital_1F_2F_Right-Room,woman_blonde_blue-blazer,Onett Downtown,117,Talk,,,,[Fallthrough Logic],,,,,,always,268,Yes
Onett_Hospital_2F_Right-Room,NA,Onett Downtown,NA,Leave and enter area,,,,NA,,,,,Onett_Hospital_2F_Right-Room,NA,269,Yes
Onett_Hospital_1F_2F_Right-Room,woman_blonde_blue-blazer,Onett Downtown,117,Talk,,,,TALKED_TO_SMASH_WOUND_GIRLS_MOTHER,,,,,,always,270,Yes
Onett,NA,Onett Downtown,NA,Check,SIGN,Onett: Behind Hospital,,[Fallthrough Logic],,,,,Onett,NA,271,Yes
Onett,streetsign_city,Onett Downtown,171,Observe,NONINTERACTABLE,,,NA,,,,,,always,272,Yes
Onett,NA,Onett Downtown,NA,Approach,DOOR,Onett: Pizza shop,,[Fallthrough Logic],,,,,Onett,NA,273,Yes
Onett,monster_shark,Sharks,142,Talk,,,Fight,[Fallthrough Logic],,,,,,~SHARK_OUTSIDE_ARCADE_1_DEFEATED,274,Yes
Onett,trashcan,Sharks,1411,Check,PRESENT,,,[Fallthrough Logic],,,,,,always,275,Yes
Onett,monster_shark,Sharks,143,Talk,,,Fight,[Fallthrough Logic],,,,,,~SHARK_OUTSIDE_ARCADE_2_DEFEATED,276,Yes
Onett_Arcade_1F,monster_shark,Sharks,2,Talk,,,Fight,[Fallthrough Logic],,,,,,~SHARK_AT_ARCADE_ABSENT,277,Yes
Onett_Arcade_1F,monster_shark,Sharks,3,Talk,,,,[Fallthrough Logic],,,,,,always,278,Yes
Onett_Arcade_1F_2F,man_orange-hair_sunglasses,Sharks,6,Talk,,,,[Fallthrough Logic],,,,,,always,279,Yes
Onett_Arcade_1F_2F,monster_shark,Sharks,4,Talk,,,,[Fallthrough Logic],,,,,,always,280,Yes
Onett_Arcade_1F_2F,monster_shark,Sharks,7,Talk,,,Fight,[Fallthrough Logic],,,,,,~SHARK_AT_ARCADE_UPSTAIRS_DEFEATED,281,Yes
Onett_Arcade_1F_2F,monster_shark,Sharks,5,Talk,,,,[Fallthrough Logic],,,,,,always,282,Yes
Onett_Arcade_1F,monster_shark,Sharks,1,Talk,CHOICE,yes,,[Fallthrough Logic],,,,,,~SHARK_GUARDING_FRANK_DEFEATED,283,Yes
Onett_Arcade_1F,monster_shark,Sharks,1,Talk,CHOICE,no,Fight,[Fallthrough Logic],,,,,,~SHARK_GUARDING_FRANK_DEFEATED,284,Yes
Onett_Hotel_1F,man_bald_black-suit,Sharks,58,Talk,CHOICE,yes,,[Fallthrough Logic],,,,,,always,285,Yes
Onett_Hotel_1F_Lobby,bellhop,Sharks,64,Talk,NEWSPAPER_ONETT,2,,SHARK_GUARDING_FRANK_DEFEATED,,,,,,JUST_RESTED,286,Yes
Onett,monster_frankystein,Sharks,202,Check,,,,[Fallthrough Logic],,,,,,~FRANKYSTEIN_MKII_DEFEATED,287,Yes
Onett,frank,Sharks,146,Talk,,,Fight,[Fallthrough Logic],,,,,,~QUEST_TO_ZEXONYTE,288,Yes
Onett,monster_frankystein,Sharks,202,Game action,FIGHT,lose,,NA,,,,,,~FRANKYSTEIN_MKII_DEFEATED,289,Yes
Onett,frank,Sharks,146,Talk,CHOICE,no,,FRANK_DEFEATED,,,,,,~QUEST_TO_ZEXONYTE,290,Yes
Onett,monster_frankystein,Sharks,202,Game action,FIGHT,lose,,NA,,,,,,~FRANKYSTEIN_MKII_DEFEATED,291,Yes
Onett,frank,Sharks,146,Talk,CHOICE,yes,,FRANK_DEFEATED,,,,,,~QUEST_TO_ZEXONYTE,292,Yes
Onett,monster_frankystein,Sharks,202,Game action,FIGHT,win,,NA,,,,,,~FRANKYSTEIN_MKII_DEFEATED,293,Yes
Onett,NA,Sharks,NA,Route,LEAVE_AND_ENTER,,,NA,,,,,Onett,NA,294,Yes
Onett,frank,Sharks,146,Talk,CHOICE,any,,FRANKYSTEIN_MKII_DEFEATED,,,,,,~QUEST_TO_ZEXONYTE,295,Yes
Onett_Arcade_1F_2F,man_orange-hair_sunglasses,Sharks,6,Talk,,,,FRANKYSTEIN_MKII_DEFEATED,,,,,,always,296,Yes
Onett_Arcade_1F,monster_shark,Sharks,2,Talk,,,,FRANKYSTEIN_MKII_DEFEATED,,,,,,~SHARK_AT_ARCADE_ABSENT,297,Yes
Onett,monster_shark,Sharks,142,Do Nothing,INACCESSIBLE_DIALOGUE,,,FRANKYSTEIN_MKII_DEFEATED,,,,,,~SHARK_OUTSIDE_ARCADE_1_DEFEATED,298,Yes
Onett,monster_shark,Sharks,143,Do Nothing,INACCESSIBLE_DIALOGUE,,,FRANKYSTEIN_MKII_DEFEATED,,,,,,~SHARK_OUTSIDE_ARCADE_2_DEFEATED,299,Yes
Onett_Hotel_1F,man_bald_black-suit,Sharks,58,Talk,CHOICE,yes,,[Fallthrough Logic],,,,,,always,300,Yes
Onett_Hotel_1F_Lobby,bellhop,Sharks,64,Talk,NEWSPAPER_ONETT,3,,FRANKYSTEIN_MKII_DEFEATED,,,,,,JUST_RESTED,301,Yes
Onett_Hint Man's House_1F,hint-man,Sharks,39,Talk,HINT MAN,,,FRANKYSTEIN_MKII_DEFEATED,,,,,,~HINT_GUY_ABSENT,302,Yes
Onett_Hint Man's House_1F,hint-man,Sharks,39,Talk,HINT MAN,,Repeat hint service,FRANKYSTEIN_MKII_DEFEATED,,,,,,~HINT_GUY_ABSENT,303,Yes
Onett_Town Hall_1F_Reception,woman_blonde_blue-blazer,Sharks,85,Talk,,,,FRANKYSTEIN_MKII_DEFEATED,,,,,,always,304,Yes
Onett_Town Hall_1F_Reception_2F,cop,Sharks,88,Talk,,,,[Fallthrough Logic],,,,,,always,305,Yes
Onett_Town Hall_1F_Reception_2F,man_bald_black-suit,Sharks,87,Talk,,,,[Fallthrough Logic],,,,,,always,306,Yes
Onett_Town Hall_1F_Reception_2F,mayor-pirkle,Sharks,86,Talk,CHOICE,"no,no",,[Fallthrough Logic],,,,,,always,307,Yes
Onett_Town Hall_1F_Reception_2F,mayor-pirkle,Sharks,86,Talk,CHOICE,"no,yes",,[Fallthrough Logic],inventory full,,,,,always,308,Yes
Onett_Town Hall_1F_Reception_2F,mayor-pirkle,Sharks,86,Talk,CHOICE,yes,,[Fallthrough Logic],inventory open,,,,,always,309,Yes
Onett_Town Hall_1F_Reception_2F,mayor-pirkle,Sharks,86,Talk,,,,GOT_KEY_TO_SHACK,,,,,,always,310,Yes
Onett_Town Hall_1F_Reception,woman_blonde_blue-blazer,Sharks,85,Talk,,,,GOT_KEY_TO_SHACK,,,,,,always,311,Yes
Onett_Hotel_1F,man_bald_black-suit,Sharks,58,Talk,SLEEP,,,[Fallthrough Logic],,,,,,always,312,Yes
Onett_Hotel_1F_Lobby,bellhop,Sharks,64,Talk,NEWSPAPER_ONETT,4,,GOT_KEY_TO_SHACK,,,,,,JUST_RESTED,313,Yes
Onett_Hint Man's House_1F,hint-man,Sharks,39,Talk,HINT MAN,,,GOT_KEY_TO_SHACK,,,,,,~HINT_GUY_ABSENT,314,Yes
Onett,man_blonde_i-love-ny-shirt,Giant Step,131,Talk,,,,FRANKYSTEIN_MKII_DEFEATED,,,,,,PEOPLE_IN_ONETT,315,Yes
Onett,NA,Giant Step,NA,Check,SIGN,,Onett - West of Helpful Mole,[Fallthrough Logic],,,,,Onett,NA,316,Yes
Onett,helpful-mole,Giant Step,130,Talk,CHOICE,no,,[Fallthrough Logic],,,,,,~MONSTERS_IN_ONETT,317,Yes
Onett,helpful-mole,Giant Step,130,Talk,CHOICE,yes,,[Fallthrough Logic],,,,,,~MONSTERS_IN_ONETT,318,Yes
Onett,NA,Giant Step,NA,Check,SIGN,,Onett - Entertainer's Shack,[Fallthrough Logic],,,,,Onett,NA,319,Yes
Onett,traveling-entertainer,Giant Step,162,Talk,,,,[Fallthrough Logic],,,,,,~GOT_ENTERTAINERS_TRAVEL_CHARM,320,Yes
Onett,traveling-entertainer,Giant Step,162,Use item,ITEM,KEY_TO_THE_SHACK,,[Fallthrough Logic],,,,,,~GOT_ENTERTAINERS_TRAVEL_CHARM,321,Yes
Onett,traveling-entertainer,Giant Step,162,Talk,,,,ENTERTAINERS_SHACK_UNLOCKED,,,,,,~GOT_ENTERTAINERS_TRAVEL_CHARM,322,Yes
Onett,traveling-entertainer,Giant Step,128,Talk,,,,[Fallthrough Logic],,,,,,~GOT_ENTERTAINERS_TRAVEL_CHARM,323,Yes
Onett,traveling-entertainer,Giant Step,128,Talk,,,,ENTERTAINERS_SHACK_UNLOCKED,inventory full,,,,,~GOT_ENTERTAINERS_TRAVEL_CHARM,324,Yes
Onett,traveling-entertainer,Giant Step,128,Talk,,,,ENTERTAINERS_SHACK_UNLOCKED,inventory open,,,,,~GOT_ENTERTAINERS_TRAVEL_CHARM,325,Yes
Onett,traveling-entertainer,Giant Step,128,Talk,,,,ENTERTAINERS_SHACK_UNLOCKED,GOT_ENTERTAINERS_TRAVEL_CHARM,,,,,~GOT_ENTERTAINERS_TRAVEL_CHARM,326,Yes
Onett,sign_don't-enter,Giant Step,185,Check,,,,[Fallthrough Logic],,,,,,always,327,Yes
Onett,entertainers-shack-door,Giant Step,147,Approach,,,,[Fallthrough Logic],,,,,,~ENTERTAINERS_SHACK_UNLOCKED,328,Yes
Onett,entertainers-shack-door,Giant Step,147,Use item,ITEM,~KEY_TO_THE_SHACK,,[Fallthrough Logic],,,,,,~ENTERTAINERS_SHACK_UNLOCKED,329,Yes
Onett,entertainers-shack-door,Giant Step,147,Use item,ITEM,KEY_TO_THE_SHACK,,[Fallthrough Logic],,,,,,~ENTERTAINERS_SHACK_UNLOCKED,330,Yes
Onett_Hint Man's House_1F,hint-man,Giant Step,39,Talk,HINT MAN,,,ENTERTAINERS_SHACK_UNLOCKED,,,,,,~HINT_GUY_ABSENT,331,Yes
Onett_Giant Step_1F,present,Giant Step,1413,Check,PRESENT,,,[Fallthrough Logic],,,,,,always,332,Yes
Onett_Giant Step_1F_Room-1,present,Giant Step,1414,Check,PRESENT,,,[Fallthrough Logic],,,,,,always,333,Yes
Onett_Giant Step_1F_Room-3,present,Giant Step,1415,Check,PRESENT,,,[Fallthrough Logic],,,,,,always,334,Yes
Onett_Giant Step_1F_Hallway_Boss-Room,monster_your-sanctuary,Giant Step,209,Talk,,,Fight,[Fallthrough Logic],,,,,,~CONQUERED_SANCTUARY_1,335,Yes
Onett,NA,Giant Step,NA,Approach,YOUR_SANCTUARY,GIANT_STEP,,NA,,,,,Onett,NA,336,Yes
Onett_Hint Man's House_1F,hint-man,Giant Step,39,Talk,HINT MAN,,,GOT_MELODY_GIANT_STEP,,,,,,~HINT_GUY_ABSENT,337,Yes
Onett_Hotel_1F,man_bald_black-suit,Giant Step,58,Talk,SLEEP,,,[Fallthrough Logic],,,,,,always,338,Yes
Onett_Hotel_1F_Lobby,bellhop,Giant Step,64,Talk,NEWSPAPER_ONETT,5,,GOT_MELODY_GIANT_STEP,,,,,,JUST_RESTED,339,Yes
Onett,man_blonde_blue-oxford,Giant Step,135,Talk,,,,GOT_MELODY_GIANT_STEP,,,,,,PEOPLE_IN_ONETT,340,Yes
Onett_Police Station_1F,cop,Giant Step,70,Talk,,,,[Fallthrough Logic],,,,,,COP_AT_STATION_ENTRANCE,341,Yes
Onett_Police Station_1F,captain-strong,Road to Twoson,71,Talk,CHOICE,no,,GOT_MELODY_GIANT_STEP,,,,,,CAPTAIN_STRONG_AT_STATION_ENTRANCE,342,Yes
Onett_Police Station_1F,captain-strong,Road to Twoson,71,Talk,CHOICE,yes,,GOT_MELODY_GIANT_STEP,,,,,,CAPTAIN_STRONG_AT_STATION_ENTRANCE,343,Yes
Onett_Police Station_1F_Cells_Backroom,cop,Road to Twoson,73,Observe,NONINTERACTABLE,,Fight,[Fallthrough Logic],,,,,,~ONETT_COP_1_DEFEATED,344,Yes
Onett_Police Station_1F_Cells_Backroom,cop,Road to Twoson,74,Observe,NONINTERACTABLE,,Fight,[Fallthrough Logic],,,,,,~ONETT_COP_2_DEFEATED,345,Yes
Onett_Police Station_1F_Cells_Backroom,cop,Road to Twoson,75,Observe,NONINTERACTABLE,,Fight,[Fallthrough Logic],,,,,,~ONETT_COP_3_DEFEATED,346,Yes
Onett_Police Station_1F_Cells_Backroom,cop,Road to Twoson,76,Observe,NONINTERACTABLE,,Fight,[Fallthrough Logic],,,,,,~ONETT_COP_4_DEFEATED,347,Yes
Onett_Police Station_1F_Cells_Backroom,cop,Road to Twoson,77,Observe,NONINTERACTABLE,,,[Fallthrough Logic],,,,,,~ONETT_COP_5_DEFEATED,348,Yes
Onett_Police Station_1F_Cells,NA,Road to Twoson,NA,Approach,DOOR,,Onett - Police - Left Cell,[Fallthrough Logic],,,,,Onett_Police Station_1F_Cells,NA,349,Yes
Onett_Police Station_1F_Cells,NA,Road to Twoson,NA,Approach,DOOR,,Onett - Police - Right Cell,[Fallthrough Logic],,,,,Onett_Police Station_1F_Cells,NA,350,Yes
Onett_Police Station_1F_Cells,man_hat_black-suit,Road to Twoson,72,Talk,,,,[Fallthrough Logic],,,,,,always,351,Yes
Onett_Police Station_1F,captain-strong,Road to Twoson,67,Talk,,,,PATH_TO_TWOSON_OPEN,,,,,,~CAPTAIN_STRONG_NOT_AT_STATION_DESK,352,Yes
Onett_Police Station_1F,lookalike_marcie,Road to Twoson,68,Talk,,,,PATH_TO_TWOSON_OPEN,,,,,,always,353,Yes
Onett_Police Station_1F,cop,Road to Twoson,69,Talk,,,,PATH_TO_TWOSON_OPEN,,,,,,always,354,Yes
Onett_Hint Man's House_1F,hint-man,Road to Twoson,39,Talk,HINT MAN,,,PATH_TO_TWOSON_OPEN,,,,,,~HINT_GUY_ABSENT,355,Yes
Onett,NA,Road to Twoson,NA,Check,SIGN,,Onett - South - Next to town banner,[Fallthrough Logic],,,,,Onett,NA,356,Yes
Onett,cop,Road to Twoson,144,Talk,,,,PATH_TO_TWOSON_OPEN,,,,,,~VISITED_TWOSON,357,Yes
Onett,cop,Road to Twoson,145,Talk,,,,PATH_TO_TWOSON_OPEN,,,,,,~VISITED_TWOSON,358,Yes
Onett_Hotel_1F,man_bald_black-suit,Road to Twoson,58,Talk,SLEEP,,,[Fallthrough Logic],,,,,,always,359,Yes
Onett_Hotel_1F_Lobby,bellhop,Road to Twoson,64,Talk,NEWSPAPER_ONETT,6,,PATH_TO_TWOSON_OPEN,,,,,,JUST_RESTED,360,Yes
Onett_Exit Mouse House_1F,exit-mouse,Road to Twoson,95,Talk,,,,[Fallthrough Logic],,,,,,~HAS_EXIT_MOUSE,361,Yes
Onett_Exit Mouse House_1F,exit-mouse,Road to Twoson,96,Talk,,,,[Fallthrough Logic],,,,,,always,362,Yes
Onett_Exit Mouse House_1F,lookalike_pigpen,Road to Twoson,97,Talk,,,,[Fallthrough Logic],,,,,,always,363,Yes
Onett_Exit Mouse House_1F,exit-mouse-father,Road to Twoson,94,Talk,CHOICE,yes,,[Fallthrough Logic],inventory full,,,,,always,364,Yes
Onett_Exit Mouse House_1F,exit-mouse-father,Road to Twoson,94,Talk,CHOICE,no,,[Fallthrough Logic],,,,,,always,365,Yes
Onett_Exit Mouse House_1F,exit-mouse-father,Road to Twoson,94,Talk,CHOICE,yes,get EXIT_MOUSE,[Fallthrough Logic],inventory open,,,,,always,366,Yes
Onett,present,Road to Twoson,1409,Check,PRESENT,,,[Fallthrough Logic],,,,,,always,367,Yes
Twoson,helpful-mole,Twoson,343,Talk,,,,[Fallthrough Logic],,,,,,always,368,Yes
Twoson_Houses_Northwest-Red-Roof_2F,boy_blue-ballcap,Twoson,279,Talk,,,,[Fallthrough Logic],,,,,,~CARPAINTER_DEFEATED,369,Yes
Twoson,sportscar,Twoson,357,Talk,,,,[Fallthrough Logic],,,,,,always,370,Yes
Twoson,man_redhead_green-oxford,Twoson,331,Talk,,,,[Fallthrough Logic],,,,,,always,371,Yes
Twoson,streetsign_city,Twoson,362,Observe,NONINTERACTABLE,,,[Fallthrough Logic],,,,,,always,372,Yes
Twoson_Houses_Northwest-Green-Roof_1F_2F,girl_blonde_ponytail,Twoson,283,Talk,,,,[Fallthrough Logic],,,,,,always,373,Yes
Twoson_Hospital_1F,nurse,Twoson,264,Skip,HOSPITAL_RECEPTION,,,[Fallthrough Logic],,,,,,always,374,Yes
Twoson_Hospital_1F,healer,Twoson,265,Skip,HEALER,,,[Fallthrough Logic],,,,,,always,375,Yes
Twoson_Hospital_1F_Doctor's-Office,doctor,Twoson,266,Skip,DOCTOR,,,[Fallthrough Logic],,,,,,always,376,Yes
Twoson_Hospital_1F_Doctor's-Office,nurse,Twoson,267,Talk,,,,[Fallthrough Logic],,,,,,always,377,Yes
Twoson_Hospital_1F,NA,Twoson,NA,Check,SIGN,,Twoson - Hospital - 1F,[Fallthrough Logic],,,,,Twoson_Hospital_1F,NA,378,Yes
Twoson_Hospital_1F_2F,lookalike_teddy,Twoson,270,Talk,,,,[Fallthrough Logic],,,,,,always,379,Yes
Twoson_Hospital_1F_2F_Right-Room,man_bald_black-suit,Twoson,268,Talk,,,,[Fallthrough Logic],,,,,,always,380,Yes
Twoson_Hospital_1F_2F_Left-Room,man_glasses_orange-cardigan,Twoson,269,Talk,,,,[Fallthrough Logic],,,,,,always,381,Yes
Twoson,runaway-5_lucky,Twoson,328,Talk,,,,[Fallthrough Logic],,,,,,~QUEUE_OUTSIDE_CHAOS_THEATER,382,Yes
Twoson,runaway-5_gorgeous,Twoson,329,Talk,,,,[Fallthrough Logic],,,,,,~QUEUE_OUTSIDE_CHAOS_THEATER,383,Yes
Twoson,bus_runaway-5,Twoson,374,Observe,NONINTERACTABLE,,,[Fallthrough Logic],,,,,,~RUNAWAY_FIVE_FREE_FROM_CHAOS_THEATER,384,Yes
Twoson,streetsign_city,Twoson,366,Observe,NONINTERACTABLE,,,[Fallthrough Logic],,,,,,always,385,Yes
Twoson,NA,Twoson,NA,Check,SIGN,,Twoson - East of Hint Man's house,[Fallthrough Logic],,,,,Twoson,NA,386,Yes
Twoson_Hint Man's House_1F,hint-man,Twoson,278,Talk,HINT MAN,,,VISITED_TWOSON,,,,,,~HINT_GUY_ABSENT,387,Yes
Twoson,NA,Twoson,NA,Check,SIGN,,Twoson - West of Hint Man's house,[Fallthrough Logic],,,,,Twoson,NA,388,Yes
Twoson,mailbox,Twoson,353,Observe,NONINTERACTABLE,,,[Fallthrough Logic],,,,,,always,389,Yes
Twoson,NA,Twoson,NA,Approach,DOOR,,Twoson - N of East House Red Roof,[Fallthrough Logic],,,,,Twoson,NA,390,Yes
Twoson,ruffini,Twoson,310,Talk,,,,[Fallthrough Logic],,,,,,always,391,Yes
Twoson_Houses_East-Orange_1F,woman_blonde_black-dress,Twoson,277,Talk,,,,[Fallthrough Logic],,,,,,always,392,Yes
Twoson,streetsign_city,Twoson,368,Observe,NONINTERACTABLE,,,NA,,,,,,always,393,Yes
Twoson,girl_blonde_yellow-dress,Twoson,333,Talk,,,,[Fallthrough Logic],,,,,,~PARTY_IS_ROBOTIFIED,394,Yes
Twoson,girl_blonde_pink-dress,Twoson,332,Talk,,,,[Fallthrough Logic],,,,,,~PARTY_IS_ROBOTIFIED,395,Yes
Twoson,streetsign_city,Twoson,370,Observe,NONINTERACTABLE,,,NA,,,,,,always,396,Yes
Twoson,mailbox,Twoson,354,Observe,NONINTERACTABLE,,,NA,,,,,,always,397,Yes
Twoson,boy_blue-ballcap,Twoson,341,Talk,,,,[Fallthrough Logic],,,,,,~PARTY_IS_ROBOTIFIED,398,Yes
Twoson,bench,Twoson,351,Observe,NONINTERACTABLE,,,[Fallthrough Logic],,,,,,always,399,Yes
Twoson,cat_sleeping,Twoson,337,Observe,NONINTERACTABLE,,,[Fallthrough Logic],,,,,,~GIYGAS_DEFEATED,400,Yes
Twoson_Polestar_1F,girl_redhead_pigtails,Twoson,216,Talk,,,,[Fallthrough Logic],,,,,,always,401,Yes
Twoson_Polestar_1F,girl_blonde_ponytail,Twoson,214,Talk,,,,[Fallthrough Logic],,,,,,always,402,Yes
Twoson_Polestar_1F,boy_baseball-helmet,Twoson,215,Talk,,,,[Fallthrough Logic],,,,,,always,403,Yes
Twoson_Polestar_1F,paula's-mom,Twoson,213,Talk,,,,[Fallthrough Logic],,,,,,always,404,Yes
Twoson_Polestar_1F_Den,paula's-dad,Twoson,217,Talk,CHOICE,yes,,[Fallthrough Logic],,,,,,~PAULAS_DAD_OUTSIDE,405,Yes
Twoson_Polestar_1F_Den,paula's-dad,Twoson,217,Talk,CHOICE,no,,[Fallthrough Logic],,,,,,~PAULAS_DAD_OUTSIDE,406,Yes
Twoson_Polestar_1F_Den,paula's-dad,Twoson,217,Talk,,,,PAULAS_DAD_NOTICED_SHES_NOT_HOME,,,,,,~PAULAS_DAD_OUTSIDE,407,Yes
Twoson,man_glasses_orange-cardigan,Twoson,326,Talk,,,,[Fallthrough Logic],,,,,,~QUEUE_OUTSIDE_CHAOS_THEATER,408,Yes
Twoson,woman_blonde_red-dress,Twoson,327,Talk,,,,[Fallthrough Logic],,,,,,~QUEUE_OUTSIDE_CHAOS_THEATER,409,Yes
Twoson,man_blonde_i-love-ny-shirt,Twoson,322,Talk,,,,[Fallthrough Logic],,,,,,~QUEUE_OUTSIDE_CHAOS_THEATER,410,Yes
Twoson,NA,Twoson,NA,Check,SIGN,,West of Chaos Theater,[Fallthrough Logic],,,,,Twoson,NA,411,Yes
Twoson,van,Twoson,358,Observe,NONINTERACTABLE,,,NA,,,,,,always,412,Yes
Twoson,streetsign_city,Twoson,363,Observe,NONINTERACTABLE,,,NA,,,,,,always,413,Yes
Twoson,lookalike_mr-t,Twoson,306,Talk,,,,[Fallthrough Logic],,,,,,always,414,Yes
Twoson,streetsign_city,Twoson,364,Observe,NONINTERACTABLE,,,NA,,,,,,always,415,Yes
Twoson_Department Store_1F,woman_blonde_blue-blazer,Twoson,289,Talk,CHOICE,no,,[Fallthrough Logic],,,,,,always,416,Yes
Twoson_Department Store_1F,woman_blonde_blue-blazer,Twoson,289,Talk,CHOICE,yes,,[Fallthrough Logic],,,,,,always,417,Yes
Twoson_Department Store_1F,lookalike_marcie,Twoson,288,Talk,RETURNS_COUNTER,,,[Fallthrough Logic],,,,,,always,418,Yes
Twoson_Department Store_1F,atm-machine,Twoson,286,Observe,ATM,,,NA,,,,,,always,419,Yes
Twoson_Department Store_1F,phone_payphone_left,Twoson,287,Observe,PHONE,,,NA,,,,,,always,420,Yes
Twoson_Department Store_1F,lookalike_teddy,Twoson,301,Talk,,,,[Fallthrough Logic],,,,,,always,421,Yes
Twoson_Department Store_1F,woman_black-hair_red-clothes,Twoson,294,Talk,,,,[Fallthrough Logic],,,,,,always,422,Yes
Twoson_Department Store_1F,woman_cane_pink-dress,Twoson,293,Talk,,,,[Fallthrough Logic],,,,,,always,423,Yes
Twoson_Department Store_1F,woman_pink-maid-outfit,Twoson,291,Talk,SHOP,231,,[Fallthrough Logic],,,,,,always,424,Yes
Twoson_Department Store_1F,chef,Twoson,292,Talk,SHOP,232,,[Fallthrough Logic],,,,,,always,425,Yes
Twoson_Department Store_1F,girl_blonde_pink-dress,Twoson,299,Talk,,,,[Fallthrough Logic],,,,,,always,426,Yes
Twoson_Department Store_1F,girl_black-hair_red-jumper,Twoson,297,Talk,,,,[Fallthrough Logic],,,,,,~MASTER_BELCH_DEFEATED,427,Yes
Twoson_Department Store_1F,man_blonde_blue-oxford,Twoson,298,Talk,,,,[Fallthrough Logic],,,,,,always,428,Yes
Twoson_Department Store_1F,atm-machine,Twoson,302,Observe,ATM,,,[Fallthrough Logic],,,,,,always,429,Yes
Twoson_Department Store_1F,man_glasses_orange-cardigan,Twoson,296,Talk,SHOP,233,,[Fallthrough Logic],,,,,,always,430,Yes
Twoson_Department Store_1F,lookalike_marcie,Twoson,295,Talk,SHOP,SHOP_TWOSON_DEPT_3RD_FLOOR_WOMAN,,[Fallthrough Logic],,,,,,always,431,Yes
Twoson_Department Store_1F,lookalike_pigpen,Twoson,300,Talk,,,,[Fallthrough Logic],,,,,,always,432,Yes
Twoson_Department Store_1F,man_blonde_blue-blazer,Twoson,290,Talk,,,,[Fallthrough Logic],,,,,,always,433,Yes
Twoson,woman_cane_pink-dress,Twoson,307,Talk,,,,[Fallthrough Logic],,,,,,always,434,Yes
Twoson,bicycle,Twoson,359,Observe,NONINTERACTABLE,,,NA,,,,,,always,435,Yes
Twoson,NA,Twoson,NA,Game Event,PHOTO_MAN,Cycle Shop,,NA,,,,,Twoson,NA,436,Yes
Twoson_Cycle Shop_1F,man_mohawk_punk-clothes,Twoson,212,Talk,CHOICE,no,,~HAS_BICYCLE,,,,,,always,437,Yes
Twoson_Cycle Shop_1F,man_mohawk_punk-clothes,Twoson,212,Talk,CHOICE,"yes,yes",,~HAS_BICYCLE,inventory full,,,,,always,438,Yes
Twoson_Cycle Shop_1F,man_mohawk_punk-clothes,Twoson,212,Talk,CHOICE,"yes,yes",get BICYCLE,~HAS_BICYCLE,inventory open,,,,,always,439,Yes
Twoson_Cycle Shop_1F,man_mohawk_punk-clothes,Twoson,212,Talk,CHOICE,yes,,HAS_BICYCLE,,,,,,always,440,Yes
Twoson_Cycle Shop_1F,man_mohawk_punk-clothes,Twoson,212,Talk,CHOICE,no,lose BICYCLE,HAS_BICYCLE,BICYCLE in inventory,,,,,always,441,Yes
Twoson_Cycle Shop_1F,man_mohawk_punk-clothes,Twoson,212,Talk,CHOICE,"yes,yes",get BICYCLE,~HAS_BICYCLE,inventory open,,,,,always,442,Yes
Twoson,phone_payphone_left,Twoson,287,Talk,PHONE,MOM,,NA,,,,,Twoson,always,443,Yes
Twoson_Department Store_1F,phone_payphone_left,Twoson,287,Talk,PHONE,"EE,PICKUP,BICYCLE",,NA,,,,,,always,444,Yes
Twoson_Cycle Shop_1F,man_mohawk_punk-clothes,Twoson,212,Talk,CHOICE,no,,HAS_BICYCLE,~BICYCLE in inventory,,,,,always,445,Yes
Twoson,NA,Twoson,NA,Check,SIGN,,Twoson Hotel,[Fallthrough Logic],,,,,Twoson,NA,446,Yes
Twoson_Hotel_1F,bellhop,Twoson,257,Talk,,,,[Fallthrough Logic],,,,,,always,447,Yes
Twoson_Hotel_1F,phone_black,Twoson,258,Observe,PHONE,,,NA,,,,,,always,448,Yes
Twoson_Hotel_1F_ATM,atm-machine,Twoson,259,Observe,ATM,,,NA,,,,,,always,449,Yes
Twoson_Hotel_1F,man_bald_black-suit,Twoson,256,Talk,HOTEL_PROPRIETOR,yes,,[Fallthrough Logic],,,,,,always,450,Yes
Twoson_Hotel_1F_Lobby,bellhop,Twoson,260,Talk,NEWSPAPER_TWOSON,6,,ROAD_TO_TWOSON_OPEN,,,,,,JUST_RESTED,451,Yes
Twoson_Hotel_1F_Lobby,man_glasses_-black-suit,Twoson,261,Talk,,,,[Fallthrough Logic],,,,,,always,452,Yes
Twoson_Hotel_1F_Lobby,man_glasses_-black-suit,Twoson,261,Talk,,,,TEMP_2,,,,,,always,453,Yes
Twoson_Hotel_1F_Lobby,man_glasses_-black-suit,Twoson,261,Talk,,,,TEMP_3,,,,,,always,454,Yes
Twoson_Hotel_1F_Lobby,man_glasses_-black-suit,Twoson,261,Talk,,,,TEMP_4,,,,,,always,455,Yes
Twoson_Hotel_1F_Lobby,man_glasses_-black-suit,Twoson,261,Talk,,,,TEMP_5,,,,,,always,456,Yes
Twoson_Hotel_1F_Lobby,man_glasses_-black-suit,Twoson,261,Talk,,,,TEMP_6,,,,,,always,457,Yes
Twoson_Hotel_1F_Lobby,man_glasses_-black-suit,Twoson,261,Talk,,,,TEMP_7,,,,,,always,458,Yes
Twoson_Hotel_1F_Lobby,man_glasses_-black-suit,Twoson,261,Talk,,,,TEMP_8,,,,,,always,459,Yes
Twoson_Hotel_1F_Lobby,man_glasses_-black-suit,Twoson,261,Talk,,,,TEMP_9,,,,,,always,460,Yes
Twoson_Hotel_1F_Lobby,man_glasses_-black-suit,Twoson,261,Talk,,,,TALKED_TO_TWOSON_HOTEL_GUY_AT_TABLE_NINE_TIMES,,,,,,always,461,Yes
Twoson_Hotel_1F_Lobby,man_glasses_-black-suit,Twoson,261,Talk,,,,GOT_MONEY_FROM_TWOSON_HOTEL_GUY_AT_TABLE,,,,,,always,462,Yes
Twoson_Hotel_1F_Lobby_Right-Room,mushroom,Twoson,263,Observe,NONINTERACTABLE,,,NA,,,,,,always,463,Yes
Twoson_Hotel_1F_Lobby_Right-Room,man_blonde_i-love-ny-shirt,Twoson,262,Talk,CHOICE,no,,[Fallthrough Logic],,,,,,always,464,Yes
Twoson_Hotel_1F_Lobby_Right-Room,man_blonde_i-love-ny-shirt,Twoson,262,Talk,CHOICE,yes,,[Fallthrough Logic],,,,,,NA,465,Yes
Twoson,taxi,Twoson,360,Observe,NONINTERACTABLE,,,NA,,,,,,always,466,Yes
Twoson,everdred,Twoson,334,Approach,NONINTERACTABLE,,Fight,NA,,,,,,~EVERDRED_NOT_AT_ROOF,467,Yes
Twoson_Everdred's Shack_1F,everdred,Twoson,254,Talk,,,,[Fallthrough Logic],,,,,,EVERDRED_AT_HIS_HOUSE,468,Yes
Twoson,lookalike_mr-t,Twoson,324,Talk,,,,[Fallthrough Logic],,,,,,always,469,Yes
Twoson,man_blonde_resortwear,Twoson,314,Talk,CHOICE,"no,no",,[Fallthrough Logic],,,,,,always,470,Yes
Twoson,man_blonde_resortwear,Twoson,314,Talk,CHOICE,yes,,[Fallthrough Logic],inventory full,,,,,always,471,Yes
Twoson,man_blonde_resortwear,Twoson,314,Talk,CHOICE,yes,,[Fallthrough Logic],not enough money,,,,,always,472,Yes
Twoson,hippy,Twoson,338,Talk,SHOP,SHOP_SCARABA_CONDIMENTS,,[Fallthrough Logic],,,,,,always,473,Yes
Twoson,woman_blonde_red-dress,Twoson,342,Talk,,,,[Fallthrough Logic],,,,,,always,474,Yes
Twoson,snake-salesman,Twoson,317,Talk,,,,[Fallthrough Logic],,,,,,always,475,Yes
Twoson,man_orange-hair_sunglasses,Twoson,325,Talk,,,,[Fallthrough Logic],,,,,,always,476,Yes
Twoson,lookalike_teddy,Twoson,315,Talk,,,,[Fallthrough Logic],,,,,,always,477,Yes
Twoson,sign_burglin-park,Twoson,369,Check,,,,[Fallthrough Logic],,,,,,always,478,Yes
Twoson,man_hat_blue-suit,Twoson,304,Talk,,,,[Fallthrough Logic],,,,,,always,479,Yes
Twoson,NA,Twoson,NA,Check,SIGN,,Twoson - W of Orange Kid's House,,,,,,Twoson,NA,480,Yes
Twoson_Orange Kid's House_1F,orange-kid,Twoson,220,Talk,CHOICE,no,,[Fallthrough Logic],,,,,,~APPLE_KID_IN_BURGLIN_PARK,481,Yes
Twoson_Orange Kid's House_1F,orange-kid,Twoson,220,Talk,CHOICE,"yes,no",,[Fallthrough Logic],,,,,,~APPLE_KID_IN_BURGLIN_PARK,482,Yes
Twoson_Orange Kid's House_1F,orange-kid,Twoson,220,Talk,CHOICE,"yes,yes",,[Fallthrough Logic],money<$200,,,,,~APPLE_KID_IN_BURGLIN_PARK,483,Yes
Twoson,NA,Twoson,NA,Check,SIGN,,Twoson - E of Orange Kid's House,,,,,,Twoson,NA,484,Yes
Twoson_Apple Kid's House_1F,junk-pile,Pencil Eraser,224,Observe,NONINTERACTABLE,,,,,,,,,always,485,Yes
Twoson_Apple Kid's House_1F,bench,Pencil Eraser,223,Observe,NONINTERACTABLE,,,,,,,,,always,486,Yes
Twoson_Apple Kid's House_1F,open-can,Pencil Eraser,225,Observe,NONINTERACTABLE,,,,,,,,,always,487,Yes
Twoson_Apple Kid's House_1F,monster_mouse,Pencil Eraser,222,Talk,,,,[Fallthrough Logic],,,,,,~APPLE_KID_NOT_AT_HIS_HOUSE,488,Yes
Twoson_Apple Kid's House_1F,apple-kid,Pencil Eraser,221,Talk,CHOICE,no,,[Fallthrough Logic],,,,,,~APPLE_KID_NOT_AT_HIS_HOUSE,489,Yes
Twoson_Apple Kid's House_1F,apple-kid,Pencil Eraser,221,Talk,CHOICE,yes,,[Fallthrough Logic],,,,,,~APPLE_KID_NOT_AT_HIS_HOUSE,490,Yes
Twoson_Apple Kid's House_1F,apple-kid,Pencil Eraser,221,Talk,ITEM,~Edible,,[Fallthrough Logic],,,,,,~APPLE_KID_NOT_AT_HIS_HOUSE,491,Yes
Twoson_Apple Kid's House_1F,apple-kid,Pencil Eraser,221,Talk,CHOICE,yes,,[Fallthrough Logic],,,,,,~APPLE_KID_NOT_AT_HIS_HOUSE,492,Yes
Twoson_Apple Kid's House_1F,apple-kid,Pencil Eraser,221,Talk,ITEM,Edible,,[Fallthrough Logic],,,,,,~APPLE_KID_NOT_AT_HIS_HOUSE,493,Yes
Twoson_Apple Kid's House_1F,apple-kid,Pencil Eraser,221,Talk,CHOICE,"yes,yes",,GAVE_FOOD_TO_APPLE_KID,money<$200,,,,,~APPLE_KID_NOT_AT_HIS_HOUSE,494,Yes
Twoson_Apple Kid's House_1F,apple-kid,Pencil Eraser,221,Talk,CHOICE,"yes,yes",,GAVE_FOOD_TO_APPLE_KID,money>=$200,,,,,~APPLE_KID_NOT_AT_HIS_HOUSE,495,Yes
Twoson_Apple Kid's House_1F,trashcan,Pencil Eraser,1418,Check,PRESENT,,,,,,,,,always,496,Yes
Twoson_Apple Kid's House_1F,monster_mouse,Pencil Eraser,222,Talk,,,,[Fallthrough Logic],inventory full,,,,,~APPLE_KID_NOT_AT_HIS_HOUSE,497,Yes
Twoson_Apple Kid's House_1F,monster_mouse,Pencil Eraser,222,Talk,,,,[Fallthrough Logic],inventory open,,,,,~APPLE_KID_NOT_AT_HIS_HOUSE,498,Yes
Twoson_Apple Kid's House_1F,apple-kid,Pencil Eraser,221,Talk,,,,GOT_RECEIVER_PHONE,,,,,,~APPLE_KID_NOT_AT_HIS_HOUSE,499,Yes
Twoson_Hint Man's House_1F,hint-man,Pencil Eraser,278,Talk,HINT MAN,,,GOT_RECEIVER_PHONE,,,,,,~HINT_GUY_ABSENT,500,Yes
Twoson,present,Pencil Eraser,1416,Check,PRESENT,,,[Fallthrough Logic],,,,,,always,501,Yes
Twoson,lookalike_teddy,Pencil Eraser,330,Talk,,,,[Fallthrough Logic],,,,,,~VISITED_THREED,502,Yes
Twoson,NA,Pencil Eraser,NA,Check,SIGN,,Twoson - W of SE House,NA,,,,,Twoson,NA,503,Yes
Twoson,mailbox,Pencil Eraser,355,Observe,NONINTERACTABLE,,,NA,,,,,,always,504,Yes
Twoson,NA,Pencil Eraser,NA,Approach,DOOR,,Twoson - S of SE House,NA,,,,,Twoson,NA,505,Yes
Twoson_Houses_Southeast-Green-Roof_1F,cat,Pencil Eraser,284,Talk,,,,[Fallthrough Logic],,,,,,always,506,Yes
Twoson_Houses_Southeast-Green-Roof_1F,man_glasses_orange-cardigan,Pencil Eraser,285,Talk,,,,[Fallthrough Logic],,,,,,always,507,Yes
Twoson,NA,Pencil Eraser,NA,Approach,DOOR,,Twoson - Mach Pizza,[Fallthrough Logic],,,,,Twoson,NA,508,Yes
Twoson,man_hat_black-suit,Pencil Eraser,339,Talk,,,,[Fallthrough Logic],,,,,,always,509,Yes
Twoson,bench,Pencil Eraser,350,Observe,NONINTERACTABLE,,,NA,,,,,,always,510,Yes
Twoson,sign_bus-stop,Pencil Eraser,352,Check,,,,From street,,,,,,always,511,Yes
Twoson,sign_bus-stop,Pencil Eraser,352,Check,,,,From sidewalk,,,,,,always,512,Yes
Twoson_Bus Station_1F,atm-machine,Pencil Eraser,275,Observe,ATM,,,NA,,,,,,always,513,Yes
Twoson_Bus Station_1F,man_orange-hair_sunglasses,Pencil Eraser,271,Talk,,,,[Fallthrough Logic],,,,,,always,514,Yes
Twoson_Bus Station_1F,man_cane_green-jacket,Pencil Eraser,272,Talk,,,,[Fallthrough Logic],,,,,,always,515,Yes
Twoson_Bus Station_1F,man_bald_black-suit,Pencil Eraser,273,Talk,,,,,,,,,,always,516,Yes
Twoson_Bus Station_1F,bus-driver,Pencil Eraser,274,Talk,,,,Ness in lead,,,,,,always,517,Yes
Twoson_Bus Station_1F,phone_payphone_left,Pencil Eraser,276,Talk,PHONE,"EE,PICKUP,TOWN_MAP",,,,,,,,always,518,Yes
Twoson_Bus Station_1F,bus-driver,Pencil Eraser,274,Talk,,,,~Has TOWN_MAP,[Any in lead],,,,,always,519,Yes
Twoson,girl_blonde_pink-dress,Pencil Eraser,309,Talk,,,,[Fallthrough Logic],,,,,,always,520,Yes
Twoson,prettyman,Pencil Eraser,308,Talk,,,,[Fallthrough Logic],,,,,,always,521,Yes
Twoson,streetsign_rural,Pencil Eraser,356,Observe,NONINTERACTABLE,,,NA,,,,,,always,522,Yes
Twoson,boy_fedora,Pencil Eraser,305,Talk,,,,[Fallthrough Logic],,,,,,always,523,Yes
Twoson,sign_small,Pencil Eraser,432,Check,,,,[Fallthrough Logic],,,,,,always,524,Yes
Peaceful-Rest-Valley,girl_black-hair_red-jumper,Pencil Eraser,444,Talk,,,,[Fallthrough Logic],,,,,,always,525,Yes
Peaceful-Rest-Valley,helpful-mole,Pencil Eraser,448,Talk,CHOICE,no,,[Fallthrough Logic],,,,,,always,526,Yes
Peaceful-Rest-Valley,helpful-mole,Pencil Eraser,448,Talk,CHOICE,yes,,[Fallthrough Logic],,,,,,always,527,Yes
Peaceful-Rest-Valley,streetsign_rural,Pencil Eraser,449,Observe,NONINTERACTABLE,,,[Fallthrough Logic],,,,,,always,528,Yes
Peaceful-Rest-Valley,pencil-statue,Pencil Eraser,450,Check,,,,[Fallthrough Logic],,,,,,~PEACEFUL_REST_PENCIL_ERASED,529,Yes
Peaceful Rest Valley,NA,Pencil Eraser,NA,Game action,DIE,,teleport to Onett Hotel,NA,,,,,Peaceful Rest Valley,NA,530,Yes
Onett_Lier X Agerate's Shack_1F_B1F_B2F_B3F_B4F,lier-x-agerate,Pencil Eraser,207,Talk,,,,VISITED_TWOSON,~Ness KO'd,,,4,,LIER_BY_MANI_MANI,531,Yes
Onett_Hotel_1F,man_bald_black-suit,Pencil Eraser,58,Talk,HOTEL_PROPRIETOR,yes,sleep,[Fallthrough Logic],,,,,,always,532,Yes
Onett_Hotel_1F_Lobby,bellhop,Pencil Eraser,64,Talk,NEWSPAPER_ONETT,7,,PAULAS_DAD_OUTSIDE,,,,,,JUST_RESTED,533,Yes
Onett_Houses_East-Blue-Roof_1F,boy_bowler-hat,Pencil Eraser,92,Talk,,,,VISITED_TWOSON,,,,,,always,534,Yes
Onett,woman_purse_green-dress,Pencil Eraser,136,Talk,,,,VISITED_TWOSON,,,,,,PEOPLE_IN_ONETT,535,Yes
Onett_Hint Man's House_1F,hint-man,Pencil Eraser,39,Talk,HINT MAN,,,APPLE_KID_IN_BURGLIN_PARK,,,,,,~HINT_GUY_ABSENT,536,Yes
Twoson_Hotel_1F,man_bald_black-suit,Pencil Eraser,256,Talk,HOTEL_PROPRIETOR,yes,,[Fallthrough Logic],,,,,,always,537,Yes
Twoson_Hotel_1F_Lobby,bellhop,Pencil Eraser,260,Talk,NEWSPAPER_TWOSON,7,,PAULAS_DAD_OUTSIDE,,,,,,JUST_RESTED,538,Yes
Twoson,orange-kid,Pencil Eraser,319,Talk,,,,[Fallthrough Logic],,,,,,APPLE_KID_IN_BURGLIN_PARK,539,Yes
Twoson,chef,Pencil Eraser,316,Talk,SHOP,SHOP_BURGLIN_PARK_BAKERY,,[Fallthrough Logic],,,,,,always,540,Yes
Twoson,lookalike_pigpen,Pencil Eraser,312,Talk,CHOICE,no,,[Fallthrough Logic],,,,,,always,541,Yes
Twoson,lookalike_pigpen,Pencil Eraser,312,Talk,CHOICE,yes,,[Fallthrough Logic],money<$98,,,,,always,542,Yes
Twoson,lookalike_pigpen,Pencil Eraser,312,Talk,CHOICE,yes,,[Fallthrough Logic],money>=$98,inventory full,,,,always,543,Yes
Twoson,lookalike_pigpen,Pencil Eraser,312,Talk,CHOICE,yes,,[Fallthrough Logic],money>=$98,inventory open,,,,always,544,Yes
Twoson,rastaman,Pencil Eraser,311,Talk,SHOP,SHOP_BURGLIN_PARK_JAMAICAN,,[Fallthrough Logic],,,,,,always,545,Yes
Twoson,lookalike_shy-guy-mask,Pencil Eraser,313,Talk,CHOICE,no,,[Fallthrough Logic],,,,,,always,546,Yes
Twoson,lookalike_shy-guy-mask,Pencil Eraser,313,Talk,CHOICE,yes,,[Fallthrough Logic],money<$2,,,,,always,547,Yes
Twoson,lookalike_shy-guy-mask,Pencil Eraser,313,Talk,CHOICE,yes,,[Fallthrough Logic],money>=$2,inventory full,,,,always,548,Yes
Twoson,lookalike_shy-guy-mask,Pencil Eraser,313,Talk,CHOICE,yes,,[Fallthrough Logic],money>=$2,inventory open,,,,always,549,Yes
Twoson,monster_mouse,Pencil Eraser,335,Talk,,,,[Fallthrough Logic],,,,,,APPLE_KID_IN_BURGLIN_PARK,550,Yes
Twoson,apple-kid,Pencil Eraser,336,Talk,,,,[Fallthrough Logic],inventory full,,,,,APPLE_KID_IN_BURGLIN_PARK,551,Yes
Twoson,apple-kid,Pencil Eraser,336,Talk,,,,[Fallthrough Logic],inventory open,,,,,APPLE_KID_IN_BURGLIN_PARK,552,Yes
Twoson,woman_cane_pink-dress,Pencil Eraser,318,Talk,SHOP,SHOP_BURGLIN_PARK_BANANA_LADY,,[Fallthrough Logic],,,,,,always,553,Yes
Twoson,banana,Pencil Eraser,371,Observe,NONINTERACTABLE,,,NA,,,,,,always,554,Yes
Twoson,banana,Pencil Eraser,372,Observe,NONINTERACTABLE,,,NA,,,,,,always,555,Yes
Twoson_Orange Kid's House_1F,orange-kid,Pencil Eraser,220,Talk,CHOICE,yes,,[Fallthrough Logic],~GOT_SUPORMA,money>=$50,inventory full,9,,~APPLE_KID_IN_BURGLIN_PARK,556,Yes
Twoson_Orange Kid's House_1F,orange-kid,Pencil Eraser,220,Talk,CHOICE,yes,,INVESTED_IN_ORANGE_KID,~GOT_SUPORMA,inventory open,,9,,~APPLE_KID_IN_BURGLIN_PARK,557,Yes
Twoson_Orange Kid's House_1F,orange-kid,Pencil Eraser,220,Talk,,,,GOT_SUPORMA,,,,9,,~APPLE_KID_IN_BURGLIN_PARK,558,Yes
Twoson_Orange Kid's House_1F,orange-kid,Pencil Eraser,220,Talk,,,,GOT_SUPORMA,ORANGE_KID_ALT_TEXT,,,9,,~APPLE_KID_IN_BURGLIN_PARK,559,Yes
Twoson_Hint Man's House_1F,hint-man,Pencil Eraser,278,Talk,HINT MAN,,,GOT_PENCIL_ERASER,,,,,,~HINT_GUY_ABSENT,560,Yes
Peaceful-Rest-Valley,pencil-statue,PRV and HHV,450,Use item,ITEM,PENCIL_ERASER,,[Fallthrough Logic],,,,,,~PEACEFUL_REST_PENCIL_ERASED,561,Yes
Peaceful-Rest-Valley,entertainers-shack-door,PRV and HHV,446,Game Event,PHOTO_MAN,Peaceful Rest Valley,,[Fallthrough Logic],,,,,,always,562,Yes
Peaceful-Rest-Valley,present,PRV and HHV,1424,Check,PRESENT,,,[Fallthrough Logic],,,,,,always,563,Yes
Peaceful-Rest-Valley,present,PRV and HHV,1421,Check,PRESENT,,,[Fallthrough Logic],,,,,,always,564,Yes
Peaceful-Rest-Valley,man_hat_blue-suit,PRV and HHV,443,Talk,,,,[Fallthrough Logic],,,,,,~CARPAINTER_DEFEATED,565,Yes
Peaceful-Rest-Valley,present,PRV and HHV,1423,Check,,,,[Fallthrough Logic],,,,,,always,566,Yes
Peaceful-Rest-Valley,present,PRV and HHV,1425,Check,,,,[Fallthrough Logic],,,,,,always,567,Yes
Peaceful-Rest-Valley,present,PRV and HHV,1422,Check,,,,[Fallthrough Logic],,,,,,always,568,Yes
Peaceful-Rest-Valley,present,PRV and HHV,1426,Check,,,,[Fallthrough Logic],,,,,,always,569,Yes
